original_filename	new_filename	blog_title
Hero_Affiliate Email Marketing The Complete Guide for 2024.webp	photo_affiliate_email_marketing_hero_mixed.webp	Affiliate Email Marketing The Complete Guide for 2024
Hero_Top Seven Affiliate Marketing Programs for Beginners [2024].jpg	photo_affiliate_marketing_programs_hero_mixed.jpg	Top Seven Affiliate Marketing Programs for Beginners [2024]
Hero_Affiliate Program Management Nine Strategies for Success.jpg	photo_affiliate_program_management_hero_mixed.jpg	Affiliate Program Management Nine Strategies for Success
Hero_How To Analyze Website Traffic Best Practices and Tools To Use.jpg	photo_analyze_website_traffic_hero_mixed.jpg	How To Analyze Website Traffic Best Practices and Tools To Use
Hero_What Is an Attribution Model Concepts and Benefits Explained.jpg	photo_attribution_model_hero_mixed.jpg	What Is an Attribution Model Concepts and Benefits Explained
Hero_What Is Audience Segmentation_ Types and Tips.jpg	photo_audience_segmentation_hero_mixed.jpg	What Is Audience Segmentation_ Types and Tips
Hero_How To Avoid Spam Filters Nine Tips for Email Marketing Success.jpg	photo_avoid_spam_filters_hero_mixed.jpg	How To Avoid Spam Filters Nine Tips for Email Marketing Success
Hero_What Is Behavioral Targeting_ How It Works and Best Practices.jpg	photo_behavioral_targeting_hero_mixed.jpg	What Is Behavioral Targeting_ How It Works and Best Practices
Hero_Bitly Vs. TinyURL A Thorough Comparison for 2024.jpg	photo_bitly_vs_tinyurl_hero_mixed.jpg	Bitly Vs. TinyURL A Thorough Comparison for 2024
Hero_Brand Consistency Importance, Examples, and Tips.jpg	photo_brand_consistency_hero_mixed.jpg	Brand Consistency Importance, Examples, and Tips
Hero_Brand Differentiation Definition, Examples, and Strategies.jpg	photo_brand_differentiation_hero_mixed.jpg	Brand Differentiation Definition, Examples, and Strategies
Hero_What Is Brand Marketing_ Creating a Brand Marketing Strategy.jpg	photo_brand_marketing_hero_mixed.jpg	What Is Brand Marketing_ Creating a Brand Marketing Strategy
Hero_Brand Messaging The Ultimate Guide To Creating a Strong Brand.jpg	photo_brand_messaging_hero_mixed.jpg	Brand Messaging The Ultimate Guide To Creating a Strong Brand
Hero_Brand Perception Importance, How To Measure, and Tips.jpg	photo_brand_perception_hero_mixed.jpg	Brand Perception Importance, How To Measure, and Tips
Hero_Brand Positioning Definition, Benefits, and Strategy.jpg	photo_brand_positioning_hero_mixed.jpg	Brand Positioning Definition, Benefits, and Strategy
Hero_What Is Click-Through Rate (CTR)_ How To Calculate & Improve.jpg	photo_click_through_rate_hero_mixed.jpg	What Is Click-Through Rate (CTR)_ How To Calculate & Improve
Hero_Content Analytics Definition and Best Practices.jpg	photo_content_analytics_hero_mixed.jpg	Content Analytics Definition and Best Practices
Hero_Content Development Basic Concepts and Benefits Explained.jpg	photo_content_development_hero_mixed.jpg	Content Development Basic Concepts and Benefits Explained
Hero_Content Distribution The Complete Guide for 2024.jpg	photo_content_distribution_hero_mixed.jpg	Content Distribution The Complete Guide for 2024
Hero_Content Marketing Automation A Beginner’s Guide.jpg	photo_content_marketing_automation_hero_mixed.jpg	Content Marketing Automation A Beginner’s Guide
Hero_Content Optimization Definition, Strategies, and Top Tools.jpg	photo_content_optimization_hero_mixed.jpg	Content Optimization Definition, Strategies, and Top Tools
Hero_Content Performance How To Evaluate and Improve It.jpg	photo_content_performance_hero_mixed.jpg	Content Performance How To Evaluate and Improve It
Hero_Content Personalization Definition, Advantages, and Examples.jpg	photo_content_personalization_hero_mixed.jpg	Content Personalization Definition, Advantages, and Examples
Hero_Content Strategy Framework Creation The Step-by-Step Guide.jpg	photo_content_strategy_framework_hero_mixed.jpg	Content Strategy Framework Creation The Step-by-Step Guide
Hero_How To Create an Affiliate Link Complete Guide for 2024.jpg	photo_create_affiliate_link_hero_mixed.jpg	How To Create an Affiliate Link Complete Guide for 2024
Hero_How To Create a Vanity URL Step-By-Step.jpg	photo_create_vanity_url_hero_mixed.jpg	How To Create a Vanity URL Step-By-Step
Hero_What Is a Custom URL Explanation, Uses, and How to Make One.jpg	photo_custom_url_hero_mixed.jpg	What Is a Custom URL Explanation, Uses, and How to Make One
Hero_Domain Vs. URL Definitions and Key Differences.jpg	photo_domain_vs_url_hero_mixed.jpg	Domain Vs. URL Definitions and Key Differences
Hero_Drip Campaign Examples Best Practices for Effective Results.jpg	photo_drip_campaign_examples_hero_mixed.jpg	Drip Campaign Examples Best Practices for Effective Results
Hero_What Is a Drip Campaign_ The Basic Principles and How It Works.jpg	photo_drip_campaign_hero_mixed.jpg	What Is a Drip Campaign_ The Basic Principles and How It Works
Hero_What Is a Dynamic QR Code_ How To Create One.jpg	photo_dynamic_qr_code_hero_mixed.jpg	What Is a Dynamic QR Code_ How To Create One
Hero_Email Marketing The Advanced Guide With Tips and Strategies.jpg	photo_email_marketing_advanced_hero_mixed.jpg	Email Marketing The Advanced Guide With Tips and Strategies
Hero_16 Benefits of Email Marketing and How to Maximize Them.webp	photo_email_marketing_benefits_hero_mixed.webp	16 Benefits of Email Marketing and How to Maximize Them
Hero_Email Segmentation Definition, Importance, and Top Strategies.jpg	photo_email_segmentation_hero_mixed.jpg	Email Segmentation Definition, Importance, and Top Strategies
Hero_Facebook Link Shortener How To Use a Link Shortener on FB.jpg	photo_facebook_link_shortener_hero_mixed.jpg	Facebook Link Shortener How To Use a Link Shortener on FB
Hero_Google Ads and UTM Parameters The Complete Set-Up Guide.jpg	photo_google_ads_utm_hero_mixed.jpg	Google Ads and UTM Parameters The Complete Set-Up Guide
Hero_Google Analytics The Pros and Cons of Using GA4 in 2024.jpg	photo_google_analytics_ga4_hero_mixed.jpg	Google Analytics The Pros and Cons of Using GA4 in 2024
Hero_How To Increase Website Traffic Top 11 Strategies [2024].jpg	photo_increase_website_traffic_hero_mixed.jpg	How To Increase Website Traffic Top 11 Strategies [2024]
Hero_Instagram Ads How To Advertise on Instagram in 2024.jpg	photo_instagram_ads_hero_mixed.jpg	Instagram Ads How To Advertise on Instagram in 2024
Hero_Instagram Character Limit What It Is and How To Stay Within It.jpg	photo_instagram_character_limit_hero_mixed.jpg	Instagram Character Limit What It Is and How To Stay Within It
Hero_Instagram Short URL How To Create and Share Shortened Links.jpg	photo_instagram_short_url_hero_mixed.jpg	Instagram Short URL How To Create and Share Shortened Links
Hero_Introducing Overages.jpg	photo_introducing_overages_hero_mixed.jpg	Introducing Overages
Hero_Top Eight Landing Page Optimization Tools to Boost Conversions.jpg	photo_landing_page_optimization_tools_hero_mixed.jpg	Top Eight Landing Page Optimization Tools to Boost Conversions
Hero_What Is Linear Attribution_ How It Works and Implementation Tips.jpg	photo_linear_attribution_hero_mixed.jpg	What Is Linear Attribution_ How It Works and Implementation Tips
Hero_What Is Link Management_ Top Three Use Cases and Five Best Tools.jpg	photo_link_management_hero_mixed.jpg	What Is Link Management_ Top Three Use Cases and Five Best Tools
Hero_Top Seven Link Management Tools in 2024.jpg	photo_link_management_tools_hero_mixed.jpg	Top Seven Link Management Tools in 2024
Hero_How To Use a LinkedIn Link Shortener To Share Branded Links.jpg	photo_linkedin_link_shortener_hero_mixed.jpg	How To Use a LinkedIn Link Shortener To Share Branded Links
Hero_30 Best Marketing Agency Tools to Grow Your Business in 2024.webp	photo_marketing_agency_tools_hero_mixed.webp	30 Best Marketing Agency Tools to Grow Your Business in 2024
Hero_Measuring Website Traffic Seven Top Tracking Tools [2024].jpg	photo_measuring_website_traffic_hero_mixed.jpg	Measuring Website Traffic Seven Top Tracking Tools [2024]
Hero_How To Monetize Instagram Seven Strategies for 2024.jpg	photo_monetize_instagram_hero_mixed.jpg	How To Monetize Instagram Seven Strategies for 2024
Hero_How To Monetize a Website The Ultimate Guide.jpg	photo_monetize_website_hero_mixed.jpg	How To Monetize a Website The Ultimate Guide
Hero_The Complete Guide to Opt-in Email Marketing.jpg	photo_opt_in_email_marketing_hero_mixed.jpg	The Complete Guide to Opt-in Email Marketing
Hero_Overages.jpg	photo_overages_hero_mixed.jpg	Overages
Hero_What Is Paid Media_ Types, Examples, and Best Practices.jpg	photo_paid_media_hero_mixed.jpg	What Is Paid Media_ Types, Examples, and Best Practices
Hero_Understanding the Parts of a URL The Complete Guide.jpg	photo_parts_of_a_url_hero_mixed.jpg	Understanding the Parts of a URL The Complete Guide
Hero_What Is Performance Marketing_ Getting Started.webp	photo_performance_marketing_hero_mixed.webp	What Is Performance Marketing_ Getting Started
Hero_Eight Personal Brand Examples You'll Want to Follow [2024].jpg	photo_personal_brand_examples_hero_mixed.jpg	Eight Personal Brand Examples You'll Want to Follow [2024]
Hero_QR Code Analytics How To Track Your QR Codes.jpg	photo_qr_code_analytics_hero_mixed.jpg	QR Code Analytics How To Track Your QR Codes
Hero_Why and How To Create a QR Code for Your Business.webp	photo_qr_code_creation_hero_mixed.webp	Why and How To Create a QR Code for Your Business
Hero_QR Codes in Marketing_ What They Are, How to Use Them, and Top Examples.jpg	photo_qr_codes_marketing_hero_mixed.jpg	QR Codes in Marketing_ What They Are, How to Use Them, and Top Examples
Hero_Referral Traffic Explained Significance, Tracking, and Analyzing.jpg	photo_referral_traffic_hero_mixed.jpg	Referral Traffic Explained Significance, Tracking, and Analyzing
Hero_Remarketing vs. Retargeting What's the Difference_.jpg	photo_remarketing_vs_retargeting_hero_mixed.jpg	Remarketing vs. Retargeting What's the Difference_
Hero_How To Sell on Instagram in 2024 The Complete Guide.jpg	photo_sell_on_instagram_hero_mixed.jpg	How To Sell on Instagram in 2024 The Complete Guide
Hero_Sender Score 101 The Comprehensive Guide for Marketers.jpg	photo_sender_score_hero_mixed.jpg	Sender Score 101 The Comprehensive Guide for Marketers
Hero_How To Share a Link on Instagram Top Methods and When To Use Them.jpg	photo_share_link_instagram_hero_mixed.jpg	How To Share a Link on Instagram Top Methods and When To Use Them
Hero_Small Business Branding Strategies, Tips, and Examples.jpg	photo_small_business_branding_hero_mixed.jpg	Small Business Branding Strategies, Tips, and Examples
Hero_SMS Campaign Execution A Step-by-Step Success Guide.jpg	photo_sms_campaign_execution_hero_mixed.jpg	SMS Campaign Execution A Step-by-Step Success Guide
Hero_SMS Marketing Top Examples and Strategies to Boost Sales.jpg	photo_sms_marketing_hero_mixed.jpg	SMS Marketing Top Examples and Strategies to Boost Sales
Hero_What Is an SMS Short Code_ Purpose and Best Practices.jpg	photo_sms_short_code_hero_mixed.jpg	What Is an SMS Short Code_ Purpose and Best Practices
Hero_How To Add a Link to Snapchat Story.jpg	photo_snapchat_link_hero_mixed.jpg	How To Add a Link to Snapchat Story
Hero_Nine Social Media Analytics Tools To Boost Campaign Performance.jpg	photo_social_media_analytics_tools_hero_mixed.jpg	Nine Social Media Analytics Tools To Boost Campaign Performance
Hero_Top 11 Social Media Marketing Tools to Gain an Edge [2024].jpg	photo_social_media_marketing_tools_hero_mixed.jpg	Top 11 Social Media Marketing Tools to Gain an Edge [2024]
Hero_23 Crucial Social Media Metrics to Track in 2024.webp	photo_social_media_metrics_hero_mixed.webp	23 Crucial Social Media Metrics to Track in 2024
Hero_What Is Social Media Monitoring_ Examples and Top Tools.webp	photo_social_media_monitoring_hero_mixed.webp	What Is Social Media Monitoring_ Examples and Top Tools
Hero_How To Get Sponsored on Instagram The Ultimate Guide.jpg	photo_sponsored_instagram_hero_mixed.jpg	How To Get Sponsored on Instagram The Ultimate Guide
Hero_Static vs. Dynamic QR Codes Explaining the Key Differences.jpg	photo_static_vs_dynamic_qr_codes_hero_mixed.jpg	Static vs. Dynamic QR Codes Explaining the Key Differences
Hero_TikTok UTM Parameters How To Track Campaign Performance.jpg	photo_tiktok_utm_parameters_hero_mixed.jpg	TikTok UTM Parameters How To Track Campaign Performance
Hero_What Is a Tracking URL_ Why It Matters and How It Works.jpg	photo_tracking_url_hero_mixed.jpg	What Is a Tracking URL_ Why It Matters and How It Works
Hero_Twitter Link Shortener How To Use a Link Shortener for Twitter.jpg	photo_twitter_link_shortener_hero_mixed.jpg	Twitter Link Shortener How To Use a Link Shortener for Twitter
Hero_What Is Link_URL Cloaking_ Four Top Use Cases and Benefits.jpg	photo_url_cloaking_hero_mixed.jpg	What Is Link_URL Cloaking_ Four Top Use Cases and Benefits
Hero_What Is URL Masking_ Pros and Cons and When To Consider It.webp	photo_url_masking_hero_mixed.webp	What Is URL Masking_ Pros and Cons and When To Consider It
Hero_URL Shortener API Key Advantages & User Guide.jpg	photo_url_shortener_api_hero_mixed.jpg	URL Shortener API Key Advantages & User Guide
Hero_What Is a URL Shortener and How Does It Work.jpg	photo_url_shortener_hero_mixed.jpg	What Is a URL Shortener and How Does It Work
Hero_Best URL Shortener Top Seven Picks for 2024.jpg	photo_url_shortener_ranking_hero_mixed.jpg	Best URL Shortener Top Seven Picks for 2024
Hero_What Is a URL_ Structure, Types, and Examples.jpg	photo_url_structure_hero_mixed.jpg	What Is a URL_ Structure, Types, and Examples
Hero_UTM Best Practices Nine Ways To Optimize Campaign Tracking.jpg	photo_utm_best_practices_hero_mixed.jpg	UTM Best Practices Nine Ways To Optimize Campaign Tracking
Hero_What Is a UTM Code_ How To Track Campaign Performance.jpg	photo_utm_code_hero_mixed.jpg	What Is a UTM Code_ How To Track Campaign Performance
Hero_Vanity URLs What They Are and How To Use Them.jpg	photo_vanity_urls_hero_mixed.jpg	Vanity URLs What They Are and How To Use Them
Hero_Website Audience Geography Breaking Down Traffic by Country.jpg	photo_website_audience_geography_hero_mixed.jpg	Website Audience Geography Breaking Down Traffic by Country
Hero_28 Website Metrics to Track and Optimize for Online Success [2024].webp	photo_website_metrics_hero_mixed.webp	28 Website Metrics to Track and Optimize for Online Success [2024]
Hero_13 Steps to a Successful Website Strategy in 2024.webp	photo_website_strategy_hero_mixed.webp	13 Steps to a Successful Website Strategy in 2024
Hero_Website Traffic Sources A Complete Guide to How They Work.jpg	photo_website_traffic_sources_hero_mixed.jpg	Website Traffic Sources A Complete Guide to How They Work
Hero_How To Track Website Visitors Five Best Visitor Tracking Tools.jpg	photo_website_visitor_tracking_hero_mixed.jpg	How To Track Website Visitors Five Best Visitor Tracking Tools
Hero_Website Visitor Tracking Top Five Tools and How To Get Started.jpg	photo_website_visitor_tracking_tools_hero_mixed.jpg	Website Visitor Tracking Top Five Tools and How To Get Started
Hero_How To See How Many Visits a Website Gets The Must-Have Tools.jpg	photo_website_visits_tracking_hero_mixed.jpg	How To See How Many Visits a Website Gets The Must-Have Tools
